{
  "memory_comparison": [
    {
      "params": 1000000,
      "fp32_gb": 0.003725290298461914,
      "fp16_gb": 0.001862645149230957,
      "bf16_gb": 0.001862645149230957,
      "fp8_gb": 0.0009313225746154785,
      "savings_percent": 50.0
    },
    {
      "params": 10000000,
      "fp32_gb": 0.03725290298461914,
      "fp16_gb": 0.01862645149230957,
      "bf16_gb": 0.01862645149230957,
      "fp8_gb": 0.009313225746154785,
      "savings_percent": 50.0
    },
    {
      "params": 100000000,
      "fp32_gb": 0.3725290298461914,
      "fp16_gb": 0.1862645149230957,
      "bf16_gb": 0.1862645149230957,
      "fp8_gb": 0.09313225746154785,
      "savings_percent": 50.0
    }
  ],
  "precision_types": [
    "FP32",
    "FP16",
    "BF16",
    "FP8"
  ],
  "benefits": {
    "memory_savings_fp16": "50%",
    "memory_savings_fp8": "75%",
    "speedup_range": "1.5-2.5x",
    "accuracy_retention": "99%+"
  }
}